{
  "timestamp": "2025-12-02T19:37:02.222071",
  "pso_config": {
    "n_particles": 20,
    "max_iterations": 50,
    "w": 0.7,
    "c1": 1.5,
    "c2": 1.5
  },
  "best_parameters": {
    "single_support_duration": 0.3828368441265378,
    "single_support_timesteps": 10,
    "double_support_ratio": 0.0,
    "startend_double_support_ratio": 1.4850875660733251,
    "walk_com_height": 0.3196886747121747,
    "walk_foot_height": 0.039496995822851086,
    "walk_trunk_pitch": 0.1515164067992882,
    "walk_foot_rise_ratio": 0.20057917218754673,
    "feet_spacing": 0.1218726354039112,
    "zmp_margin": 0.020054386318424527,
    "foot_zmp_target_x": 0.0004916383248862626,
    "foot_zmp_target_y": -0.0011436693060295883,
    "walk_max_dtheta": 1.003745302936322,
    "walk_max_dy": 0.04138694656646172,
    "walk_max_dx_forward": 0.19758409200526145,
    "walk_max_dx_backward": 0.030168036220112444,
    "planned_timesteps": 48,
    "foot_length": 0.1576,
    "foot_width": 0.092
  },
  "best_fitness": 1.2783309689979716,
  "fitness_history": [
    155.75394450931964,
    29.245674533940292,
    30.706043249436597,
    49.81071557105182,
    48.31992210021123,
    24.23379021403022,
    21.76864234979995,
    21.38434754442161,
    20.069546431821323,
    46.2642549863711,
    92.03833046813904,
    16.30853815527086,
    39.85110543976945,
    35.78536729280596,
    12.460185774506488,
    11.791569247274742,
    13.438878021323251,
    11.429714836764155,
    11.40959155894742,
    10.110773442760525,
    10.011434234032151,
    11.423815189411759,
    8.01864960072231,
    8.792483712590993,
    7.525685321753798,
    7.820569815384649,
    7.728641293720701,
    6.486592149367908,
    6.1888390761186285,
    5.580404683703077,
    7.382380053405389,
    5.485693045078862,
    5.233361773232443,
    4.378158695496893,
    4.327514953930573,
    3.9870467173531976,
    3.91516427197366,
    3.908859303256649,
    3.5165246593187143,
    3.315049465211094,
    3.070088276684238,
    3.0277527150327517,
    3.2191595909280233,
    2.8758692687042267,
    2.689827861258797,
    2.641393620935051,
    2.7031489447710646,
    2.3967986046128815,
    2.4668898431476576,
    2.3656544458872575
  ],
  "best_fitness_history": [
    27.40109996730716,
    16.73672572379729,
    16.73672572379729,
    16.73672572379729,
    16.73672572379729,
    16.73672572379729,
    16.553019513506126,
    14.948062219582079,
    14.948062219582079,
    11.749398874398839,
    9.563071306507162,
    9.563071306507162,
    8.45581067469035,
    8.45581067469035,
    8.345251829890426,
    8.10157986283858,
    7.642501867184387,
    6.94703409035398,
    6.884331708505734,
    6.72365683719036,
    5.995166819859463,
    4.205067068923665,
    4.055780259878067,
    4.055780259878067,
    4.055780259878067,
    4.055780259878067,
    4.055780259878067,
    4.055780259878067,
    4.055780259878067,
    3.2936666146051707,
    2.568305443291502,
    2.568305443291502,
    2.568305443291502,
    2.568305443291502,
    2.5001644449922638,
    2.5001644449922638,
    2.0060217835252683,
    2.0060217835252683,
    2.0060217835252683,
    1.8393003618225783,
    1.7599784724958532,
    1.7599784724958532,
    1.7599784724958532,
    1.7599784724958532,
    1.7116018603974181,
    1.7116018603974181,
    1.7116018603974181,
    1.6586659150555056,
    1.2783309689979716,
    1.2783309689979716
  ]
}