{
  "timestamp": "2025-12-02T22:07:57.815567",
  "pso_config": {
    "n_particles": 20,
    "max_iterations": 50,
    "w": 0.7,
    "c1": 1.5,
    "c2": 1.5
  },
  "best_parameters": {
    "single_support_duration": 0.3794527810777908,
    "single_support_timesteps": 10,
    "double_support_ratio": 0.0,
    "startend_double_support_ratio": 1.4994801138424774,
    "walk_com_height": 0.32099432750949675,
    "walk_foot_height": 0.04018989987465642,
    "walk_trunk_pitch": 0.14532852578408426,
    "walk_foot_rise_ratio": 0.1948460065208961,
    "feet_spacing": 0.1217031758466095,
    "zmp_margin": 0.019998222546278054,
    "foot_zmp_target_x": -0.00011821258659597259,
    "foot_zmp_target_y": -0.02,
    "walk_max_dtheta": 1.023054006820364,
    "walk_max_dy": 0.03930090196513029,
    "walk_max_dx_forward": 0.200832376899459,
    "walk_max_dx_backward": 0.029844135222857927,
    "planned_timesteps": 48,
    "foot_length": 0.1576,
    "foot_width": 0.092
  },
  "best_fitness": 5.961485312715097,
  "fitness_history": [
    72.85298235929778,
    31.706270592142022,
    34.228232360213106,
    33.243781482215994,
    32.516389383588375,
    30.045740529599993,
    26.040441398616235,
    27.90526829347894,
    48.13751429692238,
    22.026667953485607,
    20.746496960904487,
    19.72567628751522,
    44.369439357486236,
    17.810564503829173,
    19.375759797852176,
    18.423604942889643,
    17.70650360737178,
    16.70625413856402,
    16.370040294094938,
    15.643774400093118,
    14.612288211998859,
    13.971485686040666,
    13.769341954335687,
    13.34675385169345,
    12.462226296691403,
    12.11202309184207,
    10.805113436494578,
    10.750653016797354,
    10.126113090782042,
    9.949831809193316,
    9.660458963093866,
    9.27339099577786,
    9.003807126825468,
    9.047690476203929,
    8.559679611728733,
    8.542531066970458,
    8.409355900698266,
    8.451431896122312,
    8.170943821276754,
    8.172276874105044,
    7.8529650114312615,
    7.542868882615339,
    7.237561421708522,
    7.274157349496056,
    7.171058810360757,
    6.859905764878609,
    6.788646328939852,
    6.733359175333812,
    6.759540439620406,
    6.763915669647588
  ],
  "best_fitness_history": [
    29.726286897157117,
    26.73333800673863,
    26.73333800673863,
    23.069052177533802,
    23.069052177533802,
    23.069052177533802,
    18.83972471534539,
    18.83972471534539,
    16.80373168440257,
    16.80373168440257,
    14.966456568832793,
    14.966456568832793,
    13.986459522997638,
    13.986459522997638,
    13.986459522997638,
    13.986459522997638,
    13.352575742193007,
    10.97886216686788,
    10.97886216686788,
    10.297654899141657,
    10.297654899141657,
    10.280818970491802,
    10.105533324128038,
    9.106819958161616,
    9.106819958161616,
    8.27245816940226,
    8.022773433886616,
    8.022773433886616,
    7.797783926922016,
    7.543460801971839,
    7.543460801971839,
    7.543460801971839,
    7.543460801971839,
    7.543460801971839,
    7.543460801971839,
    7.543460801971839,
    7.273103969949412,
    7.273103969949412,
    7.24587271955709,
    7.070490143615999,
    6.862658477530133,
    6.596153222021355,
    6.420322287405651,
    6.420322287405651,
    6.281264826536729,
    6.281264826536729,
    6.00633484109221,
    5.997840648547569,
    5.997840648547569,
    5.961485312715097
  ]
}