{
  "timestamp": "2025-12-01T01:12:07.742936",
  "pso_config": {
    "n_particles": 20,
    "max_iterations": 50,
    "w": 0.7,
    "c1": 1.5,
    "c2": 1.5
  },
  "best_parameters": {
    "single_support_duration": 0.6,
    "double_support_ratio": 0.0006008777616272946,
    "startend_double_support_ratio": 1.5886696014263284,
    "walk_com_height": 0.32236855497734307,
    "walk_foot_height": 0.0373010486746116,
    "walk_trunk_pitch": 0.1515944847805595,
    "walk_foot_rise_ratio": 0.20113722567696113,
    "feet_spacing": 0.12185145577350875,
    "zmp_margin": 0.01998778155747486,
    "foot_zmp_target_x": -0.001560746760865157,
    "foot_zmp_target_y": -0.00033707127920877284,
    "walk_max_dtheta": 1.0096951500288134,
    "walk_max_dy": 0.04232503853606945,
    "walk_max_dx_forward": 1.0044747278638186,
    "walk_max_dx_backward": 0.02960790599310682
  },
  "best_fitness": 19.46486652045619,
  "fitness_history": [
    103.62303469168069,
    73.95618351053601,
    60.05333656075986,
    55.683559012012076,
    49.11337627250546,
    86.17355643773782,
    61.58051960199042,
    54.97448029405432,
    51.24852078957557,
    111.6508139824933,
    70.31098255775973,
    106.41558593004834,
    42.1323358029768,
    40.146248011852975,
    39.18745263655274,
    37.88205971647243,
    39.32991362306842,
    40.49346236583435,
    36.47409120293058,
    37.414392204199984,
    36.80327772305175,
    34.034198383718724,
    31.45651615618029,
    32.387580940862186,
    32.88458040702003,
    35.822251842135806,
    31.102755478963285,
    31.880031665111925,
    30.84630337782399,
    29.122217208802482,
    28.19876646479964,
    29.941577054328054,
    28.2815798285573,
    27.36486984742072,
    26.52587130565424,
    28.082825236613473,
    26.057027769287878,
    25.195907577490203,
    24.71542720220038,
    24.670783684358238,
    25.433804441586382,
    24.494073378465387,
    24.529691892942566,
    24.40815153686535,
    23.437015105941448,
    23.2205029594714,
    23.518119520530494,
    22.198780009011767,
    22.12040910904466,
    22.132977435291227
  ],
  "best_fitness_history": [
    70.10471861384399,
    50.3138295341716,
    44.636447164222645,
    42.3855702277131,
    40.63796518431019,
    38.90991592288574,
    38.90991592288574,
    38.90991592288574,
    35.738524971478476,
    35.738524971478476,
    35.738524971478476,
    35.18618205904154,
    32.29289060650382,
    32.29289060650382,
    32.29289060650382,
    31.581268082972294,
    31.581268082972294,
    31.228583799444067,
    29.065229757800076,
    29.065229757800076,
    28.207240572465853,
    27.10062798702514,
    26.597294906019663,
    26.00156874307556,
    25.849840950026653,
    25.849840950026653,
    25.781142159675984,
    25.781142159675984,
    25.781142159675984,
    25.781142159675984,
    25.43870237927657,
    24.08503841887147,
    23.10105158576916,
    23.10105158576916,
    23.10105158576916,
    23.10105158576916,
    23.10105158576916,
    22.786502417608457,
    22.6570574999266,
    22.54173121817213,
    22.54173121817213,
    22.156468010412436,
    22.156468010412436,
    21.896493385233768,
    21.029138428838692,
    21.029138428838692,
    19.46486652045619,
    19.46486652045619,
    19.46486652045619,
    19.46486652045619
  ]
}