{
  "timestamp": "2025-12-02T22:19:17.063966",
  "algorithm": "ACO",
  "aco_config": {
    "n_ants": 20,
    "max_iterations": 50,
    "alpha": 1.0,
    "beta": 2.0,
    "rho": 0.1,
    "q": 100.0,
    "n_discrete": 20
  },
  "best_parameters": {
    "single_support_duration": 0.4105263157894737,
    "single_support_timesteps": 10,
    "double_support_ratio": 0.031578947368421054,
    "startend_double_support_ratio": 1.526315789473684,
    "walk_com_height": 0.33684210526315794,
    "walk_foot_height": 0.035789473684210524,
    "walk_trunk_pitch": 0.12631578947368421,
    "walk_foot_rise_ratio": 0.22631578947368425,
    "feet_spacing": 0.12105263157894737,
    "zmp_margin": 0.01631578947368421,
    "foot_zmp_target_x": -0.017894736842105262,
    "foot_zmp_target_y": -0.003157894736842106,
    "walk_max_dtheta": 1.236842105263158,
    "walk_max_dy": 0.042105263157894736,
    "walk_max_dx_forward": 0.1631578947368421,
    "walk_max_dx_backward": 0.022105263157894735,
    "planned_timesteps": 48,
    "foot_length": 0.1576,
    "foot_width": 0.092
  },
  "best_fitness": 18.785964912280704,
  "fitness_history": [
    147.20581981280037,
    200.31119049398393,
    147.39264147024923,
    69.25747656890726,
    67.26987059117077,
    63.219968796260346,
    43.24734862902967,
    46.96012962751823,
    39.432826371043426,
    67.35531622334565,
    88.28177269312238,
    64.79326909209203,
    43.682280701754394,
    65.86758838635406,
    40.745437222451244,
    36.97403508771931,
    38.0713854123728,
    37.19000000000001,
    65.32416609969707,
    80.96506689274938,
    62.02871455466582,
    39.25645813417062,
    37.23205366357069,
    87.18495592336359,
    41.41929824561403,
    63.717940600567296,
    43.35879493768583,
    62.34229694147406,
    61.6647260737015,
    60.44723479772246,
    36.30263157894736,
    36.516666666666666,
    38.51886337657175,
    36.433172512183646,
    60.668476857858174,
    87.21907239345394,
    35.145964912280704,
    84.82652084693423,
    34.766140350877194,
    61.75158855983924,
    39.490860149039484,
    35.727436479884936,
    36.4753263344998,
    37.35371961398246,
    36.266732386707474,
    36.832280701754385,
    59.245954096213666,
    35.707719298245614,
    56.91263358369658,
    36.29856111700681
  ],
  "best_fitness_history": [
    37.32982456140351,
    31.477192982456145,
    30.073684210526327,
    30.073684210526327,
    27.64561403508771,
    27.58245614035088,
    24.810526315789474,
    24.810526315789474,
    24.810526315789474,
    24.810526315789474,
    24.810526315789474,
    22.178947368421056,
    22.178947368421056,
    22.178947368421056,
    22.178947368421056,
    22.178947368421056,
    22.178947368421056,
    22.178947368421056,
    22.178947368421056,
    22.178947368421056,
    22.178947368421056,
    19.049122807017543,
    19.049122807017543,
    19.049122807017543,
    19.049122807017543,
    19.049122807017543,
    19.049122807017543,
    19.049122807017543,
    19.049122807017543,
    19.049122807017543,
    19.049122807017543,
    19.049122807017543,
    19.049122807017543,
    19.049122807017543,
    18.785964912280704,
    18.785964912280704,
    18.785964912280704,
    18.785964912280704,
    18.785964912280704,
    18.785964912280704,
    18.785964912280704,
    18.785964912280704,
    18.785964912280704,
    18.785964912280704,
    18.785964912280704,
    18.785964912280704,
    18.785964912280704,
    18.785964912280704,
    18.785964912280704,
    18.785964912280704
  ]
}