{
  "timestamp": "2025-12-01T23:25:40.834425",
  "algorithm": "ACO",
  "aco_config": {
    "n_ants": 20,
    "max_iterations": 50,
    "alpha": 1.0,
    "beta": 2.0,
    "rho": 0.1,
    "q": 100.0,
    "n_discrete": 20
  },
  "best_parameters": {
    "single_support_duration": 0.5789473684210527,
    "single_support_timesteps": 10,
    "double_support_ratio": 0.15789473684210525,
    "startend_double_support_ratio": 1.7894736842105263,
    "walk_com_height": 0.32894736842105265,
    "walk_foot_height": 0.06421052631578947,
    "walk_trunk_pitch": 0.04736842105263158,
    "walk_foot_rise_ratio": 0.24210526315789477,
    "feet_spacing": 0.12368421052631579,
    "zmp_margin": 0.021052631578947368,
    "foot_zmp_target_x": -0.017894736842105262,
    "foot_zmp_target_y": 0.007368421052631576,
    "walk_max_dtheta": 0.9736842105263157,
    "walk_max_dy": 0.04526315789473684,
    "walk_max_dx_forward": 0.9736842105263157,
    "walk_max_dx_backward": 0.032631578947368414,
    "planned_timesteps": 48,
    "foot_length": 0.1576,
    "foot_width": 0.092
  },
  "best_fitness": 31.951139408764252,
  "fitness_history": [
    259.267328323856,
    149.85560427746452,
    67.34407816207315,
    141.3751460375781,
    148.83926203630045,
    74.14578801858458,
    74.8890661462815,
    66.62820087384372,
    67.857865901983,
    81.95647039487231,
    61.54681983724896,
    108.84429766874999,
    61.75361622549976,
    59.0216442279371,
    56.86749896221854,
    116.65576661092246,
    70.41561683847989,
    115.06025328881836,
    54.234727522861874,
    52.28840491972312,
    56.81956788907682,
    59.870487689623964,
    55.330472765584446,
    55.514083901525886,
    62.563309610904795,
    68.45187362371261,
    61.20828445687884,
    59.63301992202283,
    53.9640624123042,
    50.170507836089435,
    50.65517748802785,
    52.64797511306805,
    56.86731345097296,
    52.72403961515165,
    55.533661971417814,
    57.56042044554723,
    56.994917707249655,
    55.98938257905537,
    54.771788037228056,
    52.79736264013511,
    51.655472035405204,
    53.29124809396344,
    49.811887527071114,
    52.87515464201753,
    54.81467046235135,
    51.43307870862867,
    50.60600920743262,
    49.32742602863104,
    56.16803489705901,
    49.12145222652663
  ],
  "best_fitness_history": [
    45.598398606496076,
    45.598398606496076,
    44.88546481295586,
    44.88546481295586,
    44.88546481295586,
    44.88546481295586,
    38.66990163210406,
    38.66990163210406,
    37.910872301290986,
    37.910872301290986,
    37.910872301290986,
    37.910872301290986,
    37.910872301290986,
    35.772248500125464,
    35.772248500125464,
    35.772248500125464,
    35.772248500125464,
    35.772248500125464,
    35.772248500125464,
    35.772248500125464,
    35.772248500125464,
    35.772248500125464,
    35.772248500125464,
    35.772248500125464,
    35.772248500125464,
    35.772248500125464,
    35.772248500125464,
    34.03944039416598,
    34.03944039416598,
    34.03944039416598,
    34.03944039416598,
    32.956247549152785,
    32.956247549152785,
    32.956247549152785,
    32.956247549152785,
    32.956247549152785,
    32.956247549152785,
    32.956247549152785,
    32.956247549152785,
    32.01681175315372,
    32.01681175315372,
    32.01681175315372,
    32.01681175315372,
    32.01681175315372,
    31.951139408764252,
    31.951139408764252,
    31.951139408764252,
    31.951139408764252,
    31.951139408764252,
    31.951139408764252
  ]
}